{"cameraMode":{"drawMode":0,"name":"Shaded","section":"Shading Mode"},"sceneLighting":false,"audioPlay":false,"sceneViewState":{"m_AlwaysRefresh":false,"showFog":true,"showSkybox":false,"showFlares":true,"showImageEffects":true,"showParticleSystems":true,"showVisualEffectGraphs":true,"m_FxEnabled":true},"in2DMode":false,"pivot":{"x":4.923214435577393,"y":1.1865099668502808,"z":-0.13173508644104005},"rotation":{"x":-0.0001812793780118227,"y":0.9994784593582153,"z":-0.03180374577641487,"w":-0.0056961411610245708},"size":3.3767285346984865,"orthographic":false}